t,u,y
-10.40000000,27.52233505,70.00000000
-9.60000000,27.52233505,70.00000000
-8.80000000,27.52233505,70.00000000
-8.00000000,27.52233505,70.00000000
-7.20000000,27.52233505,70.00000000
-6.40000000,27.52233505,70.06250000
-5.60000000,27.52233505,70.00000000
-4.80000000,27.52233505,70.06250000
-4.00000000,27.52233505,70.00000000
-3.20000000,27.52233505,70.00000000
-2.40000000,27.52233505,70.00000000
-1.60000000,27.52233505,70.06250000
-0.80000000,27.52233505,70.06250000
0.00000000,37.52233505,70.06250000
0.80000000,37.52233505,70.06250000
1.60000000,37.52233505,70.37500000
2.40000000,37.52233505,70.75000000
3.20000000,37.52233505,71.12500000
4.00000000,37.52233505,71.43750000
4.80000000,37.52233505,71.75000000
5.60000000,37.52233505,72.00000000
6.40000000,37.52233505,72.31250000
7.20000000,37.52233505,72.56250000
8.00000000,37.52233505,72.81250000
8.80000000,37.52233505,73.06250000
9.60000000,37.52233505,73.25000000
10.40000000,37.52233505,73.50000000
11.20000000,37.52233505,73.68750000
12.00000000,37.52233505,73.93750000
12.80000000,37.52233505,74.12500000
13.60000000,37.52233505,74.31250000
14.40000000,37.52233505,74.50000000
15.20000000,37.52233505,74.68750000
16.00000000,37.52233505,74.87500000
16.80000000,37.52233505,75.00000000
17.60000000,37.52233505,75.18750000
18.40000000,37.52233505,75.37500000
19.20000000,37.52233505,75.50000000
20.00000000,37.52233505,75.68750000
20.80000000,37.52233505,75.81250000
21.60000000,37.52233505,76.00000000
22.40000000,37.52233505,76.12500000
23.20000000,37.52233505,76.25000000
24.00000000,37.52233505,76.37500000
24.80000000,37.52233505,76.50000000
25.60000000,37.52233505,76.62500000
26.40000000,37.52233505,76.75000000
27.20000000,37.52233505,76.87500000
28.00000000,37.52233505,77.00000000
28.80000000,37.52233505,77.12500000
29.60000000,37.52233505,77.25000000
30.40000000,37.52233505,77.31250000
31.20000000,37.52233505,77.43750000
32.00000000,37.52233505,77.56250000
32.80000000,37.52233505,77.62500000
33.60000000,37.52233505,77.75000000
34.40000000,37.52233505,77.81250000
35.20000000,37.52233505,77.93750000
36.00000000,37.52233505,78.00000000
36.80000000,37.52233505,78.12500000
37.60000000,37.52233505,78.18750000
38.40000000,37.52233505,78.25000000
39.20000000,37.52233505,78.37500000
40.00000000,37.52233505,78.43750000
40.80000000,37.52233505,78.50000000
41.60000000,37.52233505,78.62500000
42.40000000,37.52233505,78.68750000
43.20000000,37.52233505,78.75000000
44.00000000,37.52233505,78.81250000
44.80000000,37.52233505,78.93750000
45.60000000,37.52233505,79.00000000
46.40000000,37.52233505,79.06250000
47.20000000,37.52233505,79.12500000
48.00000000,37.52233505,79.18750000
48.80000000,37.52233505,79.25000000
49.60000000,37.52233505,79.31250000
50.40000000,37.52233505,79.31250000
51.20000000,37.52233505,79.37500000
52.00000000,37.52233505,79.50000000
52.80000000,37.52233505,79.56250000
53.60000000,37.52233505,79.56250000
54.40000000,37.52233505,79.62500000
55.20000000,37.52233505,79.68750000
56.00000000,37.52233505,79.75000000
56.80000000,37.52233505,79.81250000
57.60000000,37.52233505,79.87500000
58.40000000,37.52233505,79.93750000
59.20000000,37.52233505,79.93750000
60.00000000,37.52233505,80.00000000
60.80000000,37.52233505,80.06250000
61.60000000,37.52233505,80.12500000
62.40000000,37.52233505,80.18750000
63.20000000,37.52233505,80.18750000
64.00000000,37.52233505,80.25000000
64.80000000,37.52233505,80.31250000
65.60000000,37.52233505,80.31250000
66.40000000,37.52233505,80.37500000
67.20000000,37.52233505,80.43750000
68.00000000,37.52233505,80.43750000
68.80000000,37.52233505,80.50000000
69.60000000,37.52233505,80.50000000
70.40000000,37.52233505,80.56250000
71.20000000,37.52233505,80.56250000
72.00000000,37.52233505,80.62500000
72.80000000,37.52233505,80.62500000
73.60000000,37.52233505,80.68750000
74.40000000,37.52233505,80.75000000
75.20000000,37.52233505,80.75000000
76.00000000,37.52233505,80.75000000
76.80000000,37.52233505,80.81250000
77.60000000,37.52233505,80.81250000
78.40000000,37.52233505,80.87500000
79.20000000,37.52233505,80.87500000
80.00000000,37.52233505,80.93750000
80.80000000,37.52233505,80.93750000
81.60000000,37.52233505,81.00000000
82.40000000,37.52233505,81.00000000
83.20000000,37.52233505,81.00000000
84.00000000,37.52233505,81.06250000
84.80000000,37.52233505,81.06250000
85.60000000,37.52233505,81.12500000
86.40000000,37.52233505,81.12500000
87.20000000,37.52233505,81.18750000
88.00000000,37.52233505,81.18750000
88.80000000,37.52233505,81.25000000
89.60000000,37.52233505,81.25000000
90.40000000,37.52233505,81.25000000
91.20000000,37.52233505,81.25000000
92.00000000,37.52233505,81.31250000
92.80000000,37.52233505,81.31250000
93.60000000,37.52233505,81.37500000
94.40000000,37.52233505,81.37500000
95.20000000,37.52233505,81.37500000
96.00000000,37.52233505,81.43750000
96.80000000,37.52233505,81.43750000
97.60000000,37.52233505,81.43750000
98.40000000,37.52233505,81.50000000
99.20000000,37.52233505,81.50000000
100.00000000,37.52233505,81.50000000
100.80000000,37.52233505,81.50000000
101.60000000,37.52233505,81.50000000
102.40000000,37.52233505,81.56250000
103.20000000,37.52233505,81.56250000
104.00000000,37.52233505,81.56250000
104.80000000,37.52233505,81.62500000
105.60000000,37.52233505,81.62500000
106.40000000,37.52233505,81.62500000
107.20000000,37.52233505,81.62500000
108.00000000,37.52233505,81.62500000
108.80000000,37.52233505,81.68750000
109.60000000,37.52233505,81.68750000
110.40000000,37.52233505,81.68750000
111.20000000,37.52233505,81.75000000
112.00000000,37.52233505,81.75000000
112.80000000,37.52233505,81.75000000
113.60000000,37.52233505,81.81250000
114.40000000,37.52233505,81.75000000
115.20000000,37.52233505,81.81250000
116.00000000,37.52233505,81.81250000
116.80000000,37.52233505,81.81250000
117.60000000,37.52233505,81.81250000
118.40000000,37.52233505,81.87500000
119.20000000,37.52233505,81.81250000
120.00000000,37.52233505,81.87500000
120.80000000,37.52233505,81.87500000
121.60000000,37.52233505,81.87500000
122.40000000,37.52233505,81.87500000
123.20000000,37.52233505,81.87500000
124.00000000,37.52233505,81.87500000
124.80000000,37.52233505,81.93750000
125.60000000,37.52233505,81.93750000
126.40000000,37.52233505,81.93750000
127.20000000,37.52233505,81.93750000
128.00000000,37.52233505,82.00000000
128.80000000,37.52233505,82.00000000
129.60000000,37.52233505,82.00000000
130.40000000,37.52233505,82.00000000
131.20000000,37.52233505,82.06250000
132.00000000,37.52233505,82.00000000
132.80000000,37.52233505,82.00000000
133.60000000,37.52233505,82.06250000
134.40000000,37.52233505,82.00000000
135.20000000,37.52233505,82.06250000
136.00000000,37.52233505,82.06250000
136.80000000,37.52233505,82.06250000
137.60000000,37.52233505,82.12500000
138.40000000,37.52233505,82.12500000
139.20000000,37.52233505,82.12500000
140.00000000,37.52233505,82.12500000
140.80000000,37.52233505,82.12500000
141.60000000,37.52233505,82.12500000
142.40000000,37.52233505,82.12500000
143.20000000,37.52233505,82.18750000
144.00000000,37.52233505,82.18750000
144.80000000,37.52233505,82.18750000
145.60000000,37.52233505,82.18750000
146.40000000,37.52233505,82.18750000
147.20000000,37.52233505,82.18750000
148.00000000,37.52233505,82.25000000
148.80000000,37.52233505,82.25000000
149.60000000,37.52233505,82.25000000
150.40000000,37.52233505,82.25000000
151.20000000,37.52233505,82.25000000
152.00000000,37.52233505,82.25000000
152.80000000,37.52233505,82.31250000
153.60000000,37.52233505,82.25000000
154.40000000,37.52233505,82.31250000
155.20000000,37.52233505,82.31250000
156.00000000,37.52233505,82.31250000
156.80000000,37.52233505,82.31250000
157.60000000,37.52233505,82.31250000
158.40000000,37.52233505,82.37500000
159.20000000,37.52233505,82.37500000
160.00000000,37.52233505,82.37500000
160.80000000,37.52233505,82.37500000
161.60000000,37.52233505,82.37500000
162.40000000,37.52233505,82.37500000
163.20000000,37.52233505,82.37500000
164.00000000,37.52233505,82.37500000
164.80000000,37.52233505,82.43750000
165.60000000,37.52233505,82.43750000
166.40000000,37.52233505,82.37500000
167.20000000,37.52233505,82.43750000
168.00000000,37.52233505,82.43750000
168.80000000,37.52233505,82.43750000
169.60000000,37.52233505,82.43750000
170.40000000,37.52233505,82.43750000
171.20000000,37.52233505,82.43750000
172.00000000,37.52233505,82.43750000
172.80000000,37.52233505,82.50000000
173.60000000,37.52233505,82.50000000
174.40000000,37.52233505,82.50000000
175.20000000,37.52233505,82.50000000
176.00000000,37.52233505,82.50000000
176.80000000,37.52233505,82.50000000
177.60000000,37.52233505,82.50000000
178.40000000,37.52233505,82.50000000
179.20000000,37.52233505,82.56250000
180.00000000,37.52233505,82.50000000
180.80000000,37.52233505,82.56250000
181.60000000,37.52233505,82.56250000
182.40000000,37.52233505,82.50000000
183.20000000,37.52233505,82.56250000
184.00000000,37.52233505,82.56250000
184.80000000,37.52233505,82.56250000
185.60000000,37.52233505,82.56250000
186.40000000,37.52233505,82.56250000
187.20000000,37.52233505,82.56250000
188.00000000,37.52233505,82.56250000
188.80000000,37.52233505,82.56250000
189.60000000,37.52233505,82.56250000
190.40000000,37.52233505,82.56250000
191.20000000,37.52233505,82.62500000
192.00000000,37.52233505,82.56250000
192.80000000,37.52233505,82.56250000
193.60000000,37.52233505,82.56250000
194.40000000,37.52233505,82.62500000
195.20000000,37.52233505,82.62500000
196.00000000,37.52233505,82.62500000
196.80000000,37.52233505,82.62500000
197.60000000,37.52233505,82.62500000
198.40000000,37.52233505,82.68750000
199.20000000,37.52233505,82.62500000
200.00000000,37.52233505,82.62500000
200.80000000,37.52233505,82.62500000
201.60000000,37.52233505,82.62500000
202.40000000,37.52233505,82.62500000
203.20000000,37.52233505,82.62500000
204.00000000,37.52233505,82.62500000
204.80000000,37.52233505,82.62500000
205.60000000,37.52233505,82.62500000
206.40000000,37.52233505,82.68750000
207.20000000,37.52233505,82.68750000
208.00000000,37.52233505,82.68750000
208.80000000,37.52233505,82.68750000
209.60000000,37.52233505,82.68750000
210.40000000,37.52233505,82.68750000
211.20000000,37.52233505,82.68750000
212.00000000,37.52233505,82.68750000
212.80000000,37.52233505,82.68750000
213.60000000,37.52233505,82.68750000
214.40000000,37.52233505,82.75000000
215.20000000,37.52233505,82.68750000
216.00000000,37.52233505,82.68750000
216.80000000,37.52233505,82.68750000
217.60000000,37.52233505,82.75000000
218.40000000,37.52233505,82.75000000
219.20000000,37.52233505,82.75000000
220.00000000,37.52233505,82.75000000
220.80000000,37.52233505,82.81250000
221.60000000,37.52233505,82.75000000
222.40000000,37.52233505,82.75000000
223.20000000,37.52233505,82.75000000
224.00000000,37.52233505,82.81250000
224.80000000,37.52233505,82.81250000
225.60000000,37.52233505,82.81250000
226.40000000,37.52233505,82.81250000
227.20000000,37.52233505,82.81250000
228.00000000,37.52233505,82.81250000
228.80000000,37.52233505,82.81250000
229.60000000,37.52233505,82.81250000
230.40000000,37.52233505,82.87500000
231.20000000,37.52233505,82.81250000
232.00000000,37.52233505,82.87500000
232.80000000,37.52233505,82.87500000
233.60000000,37.52233505,82.87500000
234.40000000,37.52233505,82.87500000
235.20000000,37.52233505,82.87500000
236.00000000,37.52233505,82.87500000
236.80000000,37.52233505,82.87500000
237.60000000,37.52233505,82.87500000
238.40000000,37.52233505,82.87500000
239.20000000,37.52233505,82.87500000
240.00000000,37.52233505,82.87500000
240.80000000,37.52233505,82.93750000
241.60000000,37.52233505,82.87500000
242.40000000,37.52233505,82.87500000
243.20000000,37.52233505,82.87500000
244.00000000,37.52233505,82.87500000
244.80000000,37.52233505,82.87500000
245.60000000,37.52233505,82.87500000
246.40000000,37.52233505,82.87500000
247.20000000,37.52233505,82.87500000
248.00000000,37.52233505,82.93750000
248.80000000,37.52233505,82.87500000
249.60000000,37.52233505,82.87500000
250.40000000,37.52233505,82.87500000
251.20000000,37.52233505,82.93750000
252.00000000,37.52233505,82.87500000
252.80000000,37.52233505,82.87500000
253.60000000,37.52233505,82.93750000
254.40000000,37.52233505,82.87500000
255.20000000,37.52233505,82.87500000
256.00000000,37.52233505,82.93750000
256.80000000,37.52233505,82.93750000
257.60000000,37.52233505,82.93750000
258.40000000,37.52233505,82.93750000
259.20000000,37.52233505,82.93750000
260.00000000,37.52233505,82.93750000
260.80000000,37.52233505,82.93750000
261.60000000,37.52233505,83.00000000
262.40000000,37.52233505,82.93750000
263.20000000,37.52233505,82.93750000
264.00000000,37.52233505,83.00000000
264.80000000,37.52233505,82.93750000
265.60000000,37.52233505,83.00000000
266.40000000,37.52233505,83.00000000
267.20000000,37.52233505,83.00000000
268.00000000,37.52233505,83.00000000
268.80000000,37.52233505,83.00000000
269.60000000,37.52233505,83.00000000
270.40000000,37.52233505,83.00000000
271.20000000,37.52233505,83.00000000
272.00000000,37.52233505,83.00000000
272.80000000,37.52233505,83.00000000
273.60000000,37.52233505,83.06250000
274.40000000,37.52233505,83.00000000
275.20000000,37.52233505,83.06250000
276.00000000,37.52233505,83.06250000
276.80000000,37.52233505,83.06250000
277.60000000,37.52233505,83.06250000
278.40000000,37.52233505,83.00000000
279.20000000,37.52233505,83.06250000
280.00000000,37.52233505,83.06250000
280.80000000,37.52233505,83.06250000
281.60000000,37.52233505,83.06250000
282.40000000,37.52233505,83.06250000
283.20000000,37.52233505,83.06250000
284.00000000,37.52233505,83.06250000
284.80000000,37.52233505,83.06250000
285.60000000,37.52233505,83.12500000
286.40000000,37.52233505,83.12500000
287.20000000,37.52233505,83.12500000
288.00000000,37.52233505,83.12500000
288.80000000,37.52233505,83.06250000
289.60000000,37.52233505,83.12500000
290.40000000,37.52233505,83.12500000
291.20000000,37.52233505,83.12500000
292.00000000,37.52233505,83.12500000
292.80000000,37.52233505,83.12500000
293.60000000,37.52233505,83.12500000
294.40000000,37.52233505,83.12500000
295.20000000,37.52233505,83.18750000
296.00000000,37.52233505,83.12500000
296.80000000,37.52233505,83.12500000
297.60000000,37.52233505,83.12500000
298.40000000,37.52233505,83.12500000
299.20000000,37.52233505,83.12500000
300.00000000,37.52233505,83.18750000
300.80000000,37.52233505,83.12500000
301.60000000,37.52233505,83.12500000
302.40000000,37.52233505,83.12500000
303.20000000,37.52233505,83.12500000
304.00000000,37.52233505,83.12500000
304.80000000,37.52233505,83.12500000
305.60000000,37.52233505,83.12500000
306.40000000,37.52233505,83.12500000
307.20000000,37.52233505,83.18750000
308.00000000,37.52233505,83.18750000
308.80000000,37.52233505,83.12500000
309.60000000,37.52233505,83.18750000
310.40000000,37.52233505,83.18750000
311.20000000,37.52233505,83.18750000
312.00000000,37.52233505,83.18750000
312.80000000,37.52233505,83.18750000
313.60000000,37.52233505,83.18750000
314.40000000,37.52233505,83.18750000
315.20000000,37.52233505,83.18750000
316.00000000,37.52233505,83.18750000
316.80000000,37.52233505,83.18750000
317.60000000,37.52233505,83.18750000
318.40000000,37.52233505,83.18750000
319.20000000,37.52233505,83.18750000
320.00000000,37.52233505,83.18750000
320.80000000,37.52233505,83.18750000
321.60000000,37.52233505,83.18750000
322.40000000,37.52233505,83.18750000
323.20000000,37.52233505,83.18750000
324.00000000,37.52233505,83.18750000
324.80000000,37.52233505,83.18750000
325.60000000,37.52233505,83.18750000
326.40000000,37.52233505,83.25000000
327.20000000,37.52233505,83.18750000
328.00000000,37.52233505,83.25000000
328.80000000,37.52233505,83.25000000
329.60000000,37.52233505,83.25000000
330.40000000,37.52233505,83.18750000
331.20000000,37.52233505,83.25000000
332.00000000,37.52233505,83.25000000
332.80000000,37.52233505,83.25000000
333.60000000,37.52233505,83.25000000
334.40000000,37.52233505,83.31250000
335.20000000,37.52233505,83.25000000
336.00000000,37.52233505,83.25000000
336.80000000,37.52233505,83.25000000
337.60000000,37.52233505,83.25000000
338.40000000,37.52233505,83.25000000
339.20000000,37.52233505,83.25000000
340.00000000,37.52233505,83.25000000
340.80000000,37.52233505,83.25000000
341.60000000,37.52233505,83.25000000
342.40000000,37.52233505,83.25000000
343.20000000,37.52233505,83.25000000
344.00000000,37.52233505,83.31250000
344.80000000,37.52233505,83.25000000
345.60000000,37.52233505,83.31250000
346.40000000,37.52233505,83.25000000
347.20000000,37.52233505,83.31250000
348.00000000,37.52233505,83.31250000
348.80000000,37.52233505,83.31250000
349.60000000,37.52233505,83.25000000
350.40000000,37.52233505,83.31250000
351.20000000,37.52233505,83.31250000
352.00000000,37.52233505,83.31250000
352.80000000,37.52233505,83.31250000
353.60000000,37.52233505,83.25000000
354.40000000,37.52233505,83.31250000
355.20000000,37.52233505,83.31250000
356.00000000,37.52233505,83.31250000
356.80000000,37.52233505,83.31250000
357.60000000,37.52233505,83.31250000
358.40000000,37.52233505,83.31250000
359.20000000,37.52233505,83.31250000
360.00000000,37.52233505,83.31250000
360.80000000,37.52233505,83.31250000
361.60000000,37.52233505,83.31250000
362.40000000,37.52233505,83.37500000
363.20000000,37.52233505,83.31250000
364.00000000,37.52233505,83.31250000
364.80000000,37.52233505,83.37500000
365.60000000,37.52233505,83.31250000
366.40000000,37.52233505,83.37500000
367.20000000,37.52233505,83.37500000
368.00000000,37.52233505,83.37500000
368.80000000,37.52233505,83.37500000
369.60000000,37.52233505,83.37500000
370.40000000,37.52233505,83.37500000
371.20000000,37.52233505,83.31250000
372.00000000,37.52233505,83.37500000
372.80000000,37.52233505,83.37500000
373.60000000,37.52233505,83.37500000
374.40000000,37.52233505,83.37500000
375.20000000,37.52233505,83.37500000
376.00000000,37.52233505,83.37500000
376.80000000,37.52233505,83.37500000
377.60000000,37.52233505,83.37500000
378.40000000,37.52233505,83.37500000
379.20000000,37.52233505,83.37500000
380.00000000,37.52233505,83.37500000
380.80000000,37.52233505,83.37500000
381.60000000,37.52233505,83.37500000
382.40000000,37.52233505,83.43750000
383.20000000,37.52233505,83.43750000
384.00000000,37.52233505,83.37500000
384.80000000,37.52233505,83.37500000
385.60000000,37.52233505,83.43750000
386.40000000,37.52233505,83.37500000
387.20000000,37.52233505,83.43750000
388.00000000,37.52233505,83.37500000
388.80000000,37.52233505,83.43750000
389.60000000,37.52233505,83.43750000
390.40000000,37.52233505,83.43750000
391.20000000,37.52233505,83.43750000
392.00000000,37.52233505,83.43750000
392.80000000,37.52233505,83.43750000
393.60000000,37.52233505,83.43750000
394.40000000,37.52233505,83.43750000
395.20000000,37.52233505,83.43750000
396.00000000,37.52233505,83.43750000
396.80000000,37.52233505,83.43750000
397.60000000,37.52233505,83.43750000
398.40000000,37.52233505,83.50000000
399.20000000,37.52233505,83.43750000
400.00000000,37.52233505,83.50000000
400.80000000,37.52233505,83.50000000
401.60000000,37.52233505,83.50000000
402.40000000,37.52233505,83.50000000
403.20000000,37.52233505,83.50000000
404.00000000,37.52233505,83.50000000
404.80000000,37.52233505,83.50000000
405.60000000,37.52233505,83.43750000
406.40000000,37.52233505,83.50000000
407.20000000,37.52233505,83.50000000
408.00000000,37.52233505,83.50000000
408.80000000,37.52233505,83.50000000
409.60000000,37.52233505,83.50000000
410.40000000,37.52233505,83.50000000
411.20000000,37.52233505,83.50000000
412.00000000,37.52233505,83.50000000
412.80000000,37.52233505,83.50000000
413.60000000,37.52233505,83.50000000
414.40000000,37.52233505,83.50000000
415.20000000,37.52233505,83.50000000
416.00000000,37.52233505,83.50000000
416.80000000,37.52233505,83.56250000
417.60000000,37.52233505,83.56250000
418.40000000,37.52233505,83.50000000
419.20000000,37.52233505,83.56250000
420.00000000,37.52233505,83.56250000
420.80000000,37.52233505,83.56250000
421.60000000,37.52233505,83.56250000
422.40000000,37.52233505,83.56250000
423.20000000,37.52233505,83.56250000
424.00000000,37.52233505,83.56250000
424.80000000,37.52233505,83.56250000
425.60000000,37.52233505,83.50000000
426.40000000,37.52233505,83.56250000
427.20000000,37.52233505,83.50000000
428.00000000,37.52233505,83.56250000
428.80000000,37.52233505,83.56250000
429.60000000,37.52233505,83.56250000
430.40000000,37.52233505,83.56250000
431.20000000,37.52233505,83.56250000
432.00000000,37.52233505,83.56250000
432.80000000,37.52233505,83.56250000
433.60000000,37.52233505,83.56250000
434.40000000,37.52233505,83.56250000
435.20000000,37.52233505,83.56250000
436.00000000,37.52233505,83.56250000
436.80000000,37.52233505,83.56250000
437.60000000,37.52233505,83.62500000
438.40000000,37.52233505,83.56250000
439.20000000,37.52233505,83.56250000
440.00000000,37.52233505,83.56250000
440.80000000,37.52233505,83.56250000
441.60000000,37.52233505,83.56250000
442.40000000,37.52233505,83.56250000
443.20000000,37.52233505,83.56250000
444.00000000,37.52233505,83.62500000
444.80000000,37.52233505,83.56250000
445.60000000,37.52233505,83.56250000
446.40000000,37.52233505,83.56250000
447.20000000,37.52233505,83.56250000
448.00000000,37.52233505,83.56250000
448.80000000,37.52233505,83.56250000
449.60000000,37.52233505,83.56250000
450.40000000,37.52233505,83.62500000
451.20000000,37.52233505,83.56250000
452.00000000,37.52233505,83.62500000
452.80000000,37.52233505,83.56250000
453.60000000,37.52233505,83.56250000
454.40000000,37.52233505,83.62500000
455.20000000,37.52233505,83.56250000
456.00000000,37.52233505,83.62500000
456.80000000,37.52233505,83.62500000
457.60000000,37.52233505,83.62500000
458.40000000,37.52233505,83.62500000
459.20000000,37.52233505,83.62500000
460.00000000,37.52233505,83.62500000
460.80000000,37.52233505,83.62500000
461.60000000,37.52233505,83.62500000
462.40000000,37.52233505,83.62500000
463.20000000,37.52233505,83.62500000
464.00000000,37.52233505,83.62500000
464.80000000,37.52233505,83.62500000
465.60000000,37.52233505,83.62500000
466.40000000,37.52233505,83.62500000
467.20000000,37.52233505,83.62500000
468.00000000,37.52233505,83.62500000
468.80000000,37.52233505,83.62500000
469.60000000,37.52233505,83.62500000
470.40000000,37.52233505,83.62500000
471.20000000,37.52233505,83.68750000
472.00000000,37.52233505,83.62500000
472.80000000,37.52233505,83.62500000
473.60000000,37.52233505,83.68750000
474.40000000,37.52233505,83.62500000
475.20000000,37.52233505,83.68750000
476.00000000,37.52233505,83.68750000
476.80000000,37.52233505,83.68750000
477.60000000,37.52233505,83.68750000
478.40000000,37.52233505,83.68750000
479.20000000,37.52233505,83.68750000
480.00000000,37.52233505,83.68750000
480.80000000,37.52233505,83.68750000
481.60000000,37.52233505,83.68750000
482.40000000,37.52233505,83.68750000
483.20000000,37.52233505,83.75000000
484.00000000,37.52233505,83.68750000
484.80000000,37.52233505,83.68750000
485.60000000,37.52233505,83.68750000
486.40000000,37.52233505,83.68750000
487.20000000,37.52233505,83.75000000
488.00000000,37.52233505,83.75000000
488.80000000,37.52233505,83.75000000
489.60000000,37.52233505,83.75000000
490.40000000,37.52233505,83.75000000
491.20000000,37.52233505,83.75000000
492.00000000,37.52233505,83.75000000
492.80000000,37.52233505,83.75000000
493.60000000,37.52233505,83.68750000
494.40000000,37.52233505,83.75000000
495.20000000,37.52233505,83.75000000
496.00000000,37.52233505,83.75000000
496.80000000,37.52233505,83.75000000
497.60000000,37.52233505,83.75000000
498.40000000,37.52233505,83.75000000
499.20000000,37.52233505,83.75000000
500.00000000,37.52233505,83.75000000
500.80000000,37.52233505,83.75000000
501.60000000,37.52233505,83.75000000
502.40000000,37.52233505,83.75000000
503.20000000,37.52233505,83.81250000
504.00000000,37.52233505,83.75000000
504.80000000,37.52233505,83.81250000
505.60000000,37.52233505,83.75000000
506.40000000,37.52233505,83.81250000
507.20000000,37.52233505,83.75000000
508.00000000,37.52233505,83.81250000
508.80000000,37.52233505,83.81250000
509.60000000,37.52233505,83.81250000
510.40000000,37.52233505,83.81250000
511.20000000,37.52233505,83.81250000
512.00000000,37.52233505,83.81250000
512.80000000,37.52233505,83.81250000
513.60000000,37.52233505,83.81250000
514.40000000,37.52233505,83.81250000
515.20000000,37.52233505,83.81250000
516.00000000,37.52233505,83.81250000
516.80000000,37.52233505,83.81250000
517.60000000,37.52233505,83.81250000
518.40000000,37.52233505,83.81250000
519.20000000,37.52233505,83.81250000
520.00000000,37.52233505,83.81250000
520.80000000,37.52233505,83.81250000
521.60000000,37.52233505,83.81250000
522.40000000,37.52233505,83.81250000
523.20000000,37.52233505,83.81250000
524.00000000,37.52233505,83.81250000
524.80000000,37.52233505,83.81250000
525.60000000,37.52233505,83.81250000
526.40000000,37.52233505,83.81250000
527.20000000,37.52233505,83.81250000
528.00000000,37.52233505,83.81250000
528.80000000,37.52233505,83.81250000
529.60000000,37.52233505,83.81250000
530.40000000,37.52233505,83.87500000
531.20000000,37.52233505,83.81250000
532.00000000,37.52233505,83.81250000
532.80000000,37.52233505,83.87500000
533.60000000,37.52233505,83.87500000
534.40000000,37.52233505,83.81250000
535.20000000,37.52233505,83.87500000
536.00000000,37.52233505,83.81250000
536.80000000,37.52233505,83.81250000
537.60000000,37.52233505,83.81250000
538.40000000,37.52233505,83.81250000
539.20000000,37.52233505,83.87500000
540.00000000,37.52233505,83.87500000
540.80000000,37.52233505,83.87500000
541.60000000,37.52233505,83.87500000
542.40000000,37.52233505,83.81250000
543.20000000,37.52233505,83.87500000
544.00000000,37.52233505,83.81250000
544.80000000,37.52233505,83.87500000
545.60000000,37.52233505,83.81250000
546.40000000,37.52233505,83.81250000
547.20000000,37.52233505,83.81250000
548.00000000,37.52233505,83.81250000
548.80000000,37.52233505,83.87500000
549.60000000,37.52233505,83.81250000
550.40000000,37.52233505,83.87500000
551.20000000,37.52233505,83.81250000
552.00000000,37.52233505,83.87500000
552.80000000,37.52233505,83.87500000
553.60000000,37.52233505,83.87500000
554.40000000,37.52233505,83.87500000
555.20000000,37.52233505,83.81250000
556.00000000,37.52233505,83.87500000
556.80000000,37.52233505,83.87500000
557.60000000,37.52233505,83.87500000
558.40000000,37.52233505,83.81250000
559.20000000,37.52233505,83.81250000
560.00000000,37.52233505,83.81250000
560.80000000,37.52233505,83.81250000
561.60000000,37.52233505,83.87500000
562.40000000,37.52233505,83.81250000
563.20000000,37.52233505,83.87500000
564.00000000,37.52233505,83.81250000
564.80000000,37.52233505,83.81250000
565.60000000,37.52233505,83.87500000
566.40000000,37.52233505,83.81250000
567.20000000,37.52233505,83.81250000
568.00000000,37.52233505,83.81250000
568.80000000,37.52233505,83.81250000
569.60000000,37.52233505,83.81250000
570.40000000,37.52233505,83.87500000
571.20000000,37.52233505,83.87500000
572.00000000,37.52233505,83.81250000
572.80000000,37.52233505,83.87500000
573.60000000,37.52233505,83.87500000
574.40000000,37.52233505,83.87500000
575.20000000,37.52233505,83.87500000
576.00000000,37.52233505,83.87500000
576.80000000,37.52233505,83.87500000
577.60000000,37.52233505,83.87500000
578.40000000,37.52233505,83.87500000
579.20000000,37.52233505,83.87500000
580.00000000,37.52233505,83.87500000
580.80000000,37.52233505,83.87500000
581.60000000,37.52233505,83.87500000
582.40000000,37.52233505,83.87500000
583.20000000,37.52233505,83.87500000
584.00000000,37.52233505,83.87500000
584.80000000,37.52233505,83.87500000
585.60000000,37.52233505,83.87500000
586.40000000,37.52233505,83.81250000
587.20000000,37.52233505,83.87500000
588.00000000,37.52233505,83.87500000
588.80000000,37.52233505,83.87500000
589.60000000,37.52233505,83.87500000
590.40000000,37.52233505,83.87500000
591.20000000,37.52233505,83.87500000
592.00000000,37.52233505,83.87500000
592.80000000,37.52233505,83.87500000
593.60000000,37.52233505,83.87500000
594.40000000,37.52233505,83.87500000
595.20000000,37.52233505,83.87500000
596.00000000,37.52233505,83.87500000
596.80000000,37.52233505,83.87500000
597.60000000,37.52233505,83.87500000
598.40000000,37.52233505,83.87500000
599.20000000,37.52233505,83.87500000
